{
	"format_version": "1.21.6",
	"credit": "Created by Stridey",
	"parent": "block/block",
	"textures": {
		"particle": "item/painting",
		"painting": "item/painting",
		"back": "painting/back"
	},
	"elements": [
		{
			"from": [0, 0, 7.5],
			"to": [16, 16, 8.5],
			"rotation": {"angle": 0, "axis": "y", "origin": [0, 0, 0.5]},
			"faces": {
				"north": {"uv": [0, 0, 16, 16], "texture": "#painting"},
				"east": {"uv": [15, 0, 16, 16], "texture": "#back"},
				"south": {"uv": [0, 0, 16, 16], "texture": "#back"},
				"west": {"uv": [0, 0, 1, 16], "texture": "#back"},
				"up": {"uv": [0, 0, 16, 1], "texture": "#back"},
				"down": {"uv": [0, 15, 16, 16], "texture": "#back"}
			}
		}
	],
	"gui_light": "front",
	"display": {
		"thirdperson_righthand": {
			"rotation": [75, 45, 0],
			"translation": [0, 2.5, 0],
			"scale": [0.375, 0.375, 0.375]
		},
		"thirdperson_lefthand": {
			"rotation": [75, 45, 0],
			"translation": [0, 2.5, 0],
			"scale": [0.375, 0.375, 0.375]
		},
		"firstperson_righthand": {
			"rotation": [0, 45, 0],
			"scale": [0.4, 0.4, 0.4]
		},
		"firstperson_lefthand": {
			"rotation": [0, -135, 0],
			"scale": [0.4, 0.4, 0.4]
		},
		"ground": {
			"translation": [0, 3, 0],
			"scale": [0.25, 0.25, 0.25]
		},
		"gui": {
			"rotation": [30, -135, 0],
			"scale": [0.75, 0.75, 0.75]
		},
		"fixed": {
			"scale": [0.5, 0.5, 0.5]
		}
	}
}